rank,name,combined,impact,journals,currency,cases,scope,editing,format
1,Columbia Law Review,100.00,3.29,2130,5.34,69,General,Student-Edited,Print
2,Harvard Law Review,97.88,1.66,2537,2.92,135,General,Student-Edited,Print
3,Stanford Law Review,93.16,4.30,1625,8.56,41,General,Student-Edited,Print
4,Yale Law Journal,79.18,2.86,1612,5.48,71,General,Student-Edited,Print
5,California Law Review,68.54,2.20,1476,3.77,42,General,Student-Edited,Print
6,University of Pennsylvania Law Review,65.34,2.22,1370,3.75,51,General,Student-Edited,Print
7,Cornell Law Review,64.66,2.59,1243,4.81,14,General,Student-Edited,Print
8,Michigan Law Review,63.22,2.01,1367,3.71,34,General,Student-Edited,Print
9,University of Chicago Law Review,59.93,1.89,1300,3.21,38,General,Student-Edited,Print
10,Virginia Law Review,59.04,2.33,1146,4.02,43,General,Student-Edited,Print
11,Duke Law Journal,58.48,2.26,1148,3.92,43,General,Student-Edited,Print
12,New York University Law Review,57.27,2.02,1179,3.30,35,General,Student-Edited,Print
13,Vanderbilt Law Review,56.28,2.06,1137,3.35,18,General,Student-Edited,Print
14,Iowa Law Review,56.19,1.60,1270,2.88,33,General,Student-Edited,Print
15,Boston University Law Review,55.93,1.62,1254,2.80,13,General,Student-Edited,Print
16,Minnesota Law Review,55.13,1.69,1210,3.23,27,General,Student-Edited,Print
17,Georgetown Law Journal,54.80,2.10,1081,4.11,36,General,Student-Edited,Print
18,Northwestern University Law Review,52.15,1.92,1051,3.29,31,General,Student-Edited,Print
19,Texas Law Review,51.33,1.68,1096,3.10,21,General,Student-Edited,Print
20,Fordham Law Review,49.19,1.00,1228,1.67,41,General,Student-Edited,Print
21,UCLA Law Review,47.75,2.05,877,3.95,6,General,Student-Edited,Print
22,Boston College Law Review,47.52,1.21,1115,2.31,30,General,Student-Edited,Print
23,UC Davis Law Review,46.79,1.50,1009,2.31,23,General,Student-Edited,Print
24,Washington University Law Review,46.69,1.55,989,2.58,23,General,Student-Edited,Print
25,Harvard Law Review Forum [online],44.62,2.21,736,3.22,29,General,Student-Edited,Online
26,Yale Law Journal Forum [online],44.58,1.55,924,2.50,25,General,Student-Edited,Online
27,Notre Dame Law Review,43.79,1.25,989,2.02,87,General,Student-Edited,Print
28,Indiana Law Journal,38.40,1.45,763,2.46,13,General,Student-Edited,Print
29,Yale Journal on Regulation,37.93,1.88,623,2.99,18,Specialized,Student-Edited,Print
30,Southern California Law Review,37.40,1.81,627,2.93,6,General,Student-Edited,Print
31,George Washington Law Review,35.45,1.43,679,2.35,38,General,Student-Edited,Print
32,University of Illinois Law Review,34.82,1.15,740,2.05,10,General,Student-Edited,Print
33,Florida Law Review,34.53,1.54,618,2.74,8,General,Student-Edited,Print
34,Washington Law Review,34.36,1.33,675,2.07,12,General,Student-Edited,Print
35,Wisconsin Law Review,33.48,1.08,720,1.82,24,General,Student-Edited,Print
36,William & Mary Law Review,33.41,1.19,685,1.95,8,General,Student-Edited,Print
37,North Carolina Law Review,33.05,1.16,684,2.14,15,General,Student-Edited,Print
38,Cardozo Law Review,31.87,0.90,721,1.42,32,General,Student-Edited,Print
39,Ohio State Law Journal,31.27,1.40,558,2.20,7,General,Student-Edited,Print
40,U.C. Irvine Law Review,29.64,1.21,563,2.01,6,General,Student-Edited,Print
41,Supreme Court Review,28.59,1.90,329,2.23,7,Specialized,Refereed,Print
42,Emory Law Journal,27.72,1.16,517,1.80,12,General,Student-Edited,Print
43,UC Law Journal,27.30,0.91,577,1.56,58,General,Student-Edited,Print
44,Georgia Law Review,26.79,1.12,501,1.80,15,General,Student-Edited,Print
45,Journal of Criminal Law and Criminology,26.41,1.57,360,3.23,13,Specialized,Student-Edited,Print
46,Alabama Law Review,26.27,1.22,456,1.91,18,General,Student-Edited,Print
47,Harvard Journal of Law & Technology,26.17,1.60,344,2.36,4,Specialized,Student-Edited,Print
48,Administrative Law Review,25.74,1.32,411,1.68,9,Specialized,Student-Edited,Print
49,Arizona Law Review,25.56,1.20,440,1.87,11,General,Student-Edited,Print
50,Harvard Journal of Law & Public Policy,25.13,1.12,450,2.08,23,Specialized,Student-Edited,Print
51,Utah Law Review,25.09,1.08,459,1.70,4,General,Student-Edited,Print
52,American University Law Review,24.70,0.90,501,1.51,3,General,Student-Edited,Print
53,Lewis & Clark Law Review,24.57,1.25,395,2.44,6,General,Student-Edited,Print
54,Stanford Law Review Online [online],23.80,1.45,314,3.20,8,General,Student-Edited,Online
55,Columbia Journal of Race and Law [online],22.91,1.72,206,2.45,4,Specialized,Student-Edited,Online
56,Connecticut Law Review,22.53,0.85,447,1.41,4,General,Student-Edited,Print
57,Maryland Law Review,22.43,0.88,437,1.60,18,General,Student-Edited,Print
58,Washington and Lee Law Review,22.16,0.75,466,0.99,10,General,Student-Edited,Print
59,Virginia Law Review Online [online],21.63,1.38,265,2.32,5,General,Student-Edited,Online
60,Journal of Corporation Law,21.07,0.89,393,1.54,6,Specialized,Student-Edited,Print
61,University of Pennsylvania Journal of Business Law,20.80,1.29,266,2.10,5,Specialized,Student-Edited,Print
62,University of Pennsylvania Law Review Online [online],20.74,1.59,179,3.65,2,General,Student-Edited,Online
63,Stanford Technology Law Review [online],20.69,1.62,169,3.33,0,Specialized,Student-Edited,Online
64,Buffalo Law Review,20.64,0.85,389,1.51,20,General,Student-Edited,Print
65,American Journal of International Law,20.26,0.41,506,1.06,1,Specialized,Peer-Edited,Print
66,Yale Journal of Law & Technology [online],19.99,1.24,258,1.71,3,Specialized,Student-Edited,Online
67,Wake Forest Law Review,19.73,0.83,368,1.36,10,General,Student-Edited,Print
68,Harvard Civil Rights-Civil Liberties Law Review,19.43,1.07,289,2.57,3,Specialized,Student-Edited,Print
69,Duke Journal of Constitutional Law & Public Policy,19.24,1.42,180,2.12,5,Specialized,Student-Edited,Print
70,Stanford Journal of Civil Rights and Civil Liberties,19.04,1.31,206,2.44,2,Specialized,Student-Edited,Print
71,Houston Law Review,19.03,0.68,389,0.96,10,General,Student-Edited,Print
72,SMU Law Review,18.75,0.74,364,1.15,9,General,Student-Edited,Print
73,Arizona State Law Journal,18.33,0.67,372,1.15,13,General,Student-Edited,Print
74,"Yale Journal of Health Policy, Law, and Ethics",18.12,1.41,149,2.58,0,Specialized,Refereed,Print
75,University of Colorado Law Review,17.37,0.75,318,1.46,4,General,Student-Edited,Print
76,American Business Law Journal,17.36,1.00,245,1.59,6,Specialized,Refereed,Print
77,Law and Contemporary Problems,17.15,0.55,369,1.13,11,Specialized,Student-Edited,Print
78,Berkeley Technology Law Journal,17.14,0.96,249,1.77,4,Specialized,Student-Edited,Print
79,Harvard Law & Policy Review,17.02,1.11,204,1.76,5,Specialized,Student-Edited,Print
80,Brooklyn Law Review,16.48,0.64,322,0.92,5,General,Student-Edited,Print
81,Nevada Law Journal,16.23,0.76,280,1.19,4,General,Student-Edited,Print
82,Brigham Young University Law Review,16.16,0.62,318,0.85,6,General,Student-Edited,Print
83,Harvard International Law Journal,16.04,1.05,189,1.61,0,Specialized,Student-Edited,Print
84,Columbia Human Rights Law Review,15.92,0.85,244,1.40,5,Specialized,Student-Edited,Print
85,"Stanford Journal of Law, Business & Finance",15.90,1.20,142,1.95,1,Specialized,Student-Edited,Print
86,Columbia Business Law Review,15.80,0.68,291,1.03,3,Specialized,Student-Edited,Print
87,Cato Supreme Court Review,15.70,0.90,223,1.32,8,Specialized,Peer-Edited,Print
88,American Criminal Law Review,15.69,0.52,332,1.03,16,Specialized,Student-Edited,Print
89,Seton Hall Law Review,15.67,0.49,340,0.80,12,General,Student-Edited,Print
90,Michigan Journal of Race & Law,15.28,1.07,160,1.46,1,Specialized,Student-Edited,Print
91,Harvard Journal on Legislation,15.22,1.03,170,1.84,3,Specialized,Student-Edited,Print
92,Business Lawyer,15.19,0.31,379,0.70,24,Specialized,Student-Edited,Print
93,Journal of Legal Analysis,15.18,1.03,168,2.73,2,Specialized,Refereed,Print
94,New York University Law Review Online [online],14.93,1.00,170,1.33,8,General,Student-Edited,Online
95,Fordham Urban Law Journal,14.83,0.51,308,1.03,10,Specialized,Student-Edited,Print
96,New York University Review of Law & Social Change,14.79,0.93,186,1.23,1,Specialized,Student-Edited,Print
97,Michigan State Law Review,14.46,0.79,216,1.29,3,General,Student-Edited,Print
98,Tulane Law Review,14.18,0.59,265,0.98,8,General,Student-Edited,Print
99,Villanova Law Review,14.15,0.60,262,1.19,8,General,Student-Edited,Print
100,Washington University Journal of Law and Policy,14.15,0.52,286,1.01,1,Specialized,Student-Edited,Print
101,UCLA Law Review Discourse [online],13.92,0.69,229,1.89,8,General,Student-Edited,Online
102,University of Richmond Law Review,13.85,0.55,268,0.96,13,General,Student-Edited,Print
103,Oklahoma Law Review,13.84,0.61,250,1.11,5,General,Student-Edited,Print
104,William & Mary Bill of Rights Journal,13.79,0.65,236,1.00,9,Specialized,Student-Edited,Print
105,University of Pennsylvania Journal of Constitutional Law,13.75,0.66,232,0.97,3,Specialized,Student-Edited,Print
106,Harvard Journal of Law & Gender,13.65,1.06,114,1.91,1,Specialized,Student-Edited,Print
107,Denver Law Review,13.61,0.65,231,1.12,3,General,Student-Edited,Print
108,Marquette Law Review,13.57,0.63,236,1.28,8,General,Student-Edited,Print
109,George Mason Law Review,13.56,0.48,279,0.74,13,General,Student-Edited,Print
110,City University of New York (CUNY) Law Review,13.28,0.93,140,1.41,4,General,Student-Edited,Print
111,DePaul Law Review,13.20,0.51,258,1.31,4,General,Student-Edited,Print
112,Michigan Technology Law Review,13.12,0.97,124,1.67,1,Specialized,Student-Edited,Print
113,Yale Journal of International Law,13.08,1.00,113,2.35,0,Specialized,Student-Edited,Print
114,Yale Law & Policy Review,12.96,0.86,149,1.79,4,Specialized,Student-Edited,Print
115,Temple Law Review,12.94,0.59,228,1.10,1,General,Student-Edited,Print
116,Minnesota Law Review Headnotes [online],12.88,0.80,165,1.52,6,General,Student-Edited,Online
117,Columbia Law Review Forum [online],12.87,0.88,140,1.69,2,General,Student-Edited,Online
118,Georgetown Journal of Law & Public Policy,12.73,0.52,242,0.88,5,Specialized,Student-Edited,Print
119,Northwestern University Law Review Online [online],12.40,0.81,148,2.19,3,General,Student-Edited,Online
120,University of Michigan Journal of Law Reform,12.39,0.62,202,0.97,14,Specialized,Student-Edited,Print
121,Virginia Journal of International Law,12.32,0.74,166,1.49,2,Specialized,Student-Edited,Print
122,Loyola Law Review,12.30,0.76,158,1.36,5,General,Student-Edited,Print
123,Ohio State Journal of Criminal Law,12.30,0.66,187,1.33,5,Specialized,Refereed,Print
124,University of Chicago Legal Forum,12.27,0.70,174,1.17,4,Specialized,Student-Edited,Print
125,Penn State Law Review,12.15,0.57,209,0.79,10,General,Student-Edited,Print
126,Georgetown Journal of Legal Ethics,12.03,0.41,252,0.61,5,Specialized,Student-Edited,Print
127,"Journal of Law, Medicine & Ethics",11.96,0.21,309,0.39,9,Specialized,Refereed,Print
128,Columbia Journal of Law & the Arts,11.84,0.60,191,1.06,1,Specialized,Student-Edited,Print
129,American Bankruptcy Law Journal,11.80,0.65,174,1.24,16,Specialized,Refereed,Print
130,Jurimetrics,11.79,0.67,170,1.45,0,Specialized,Refereed,Print
131,Texas A&M Law Review,11.78,0.56,201,0.90,3,General,Student-Edited,Print
132,Berkeley Journal of Employment and Labor Law,11.76,0.77,138,1.13,1,Specialized,Student-Edited,Print
133,South Carolina Law Review,11.74,0.56,199,0.84,13,General,Student-Edited,Print
134,AJIL Unbound [online],11.61,0.25,287,0.47,0,Specialized,Refereed,Online
135,Vanderbilt Journal of Entertainment and Technology Law,11.56,0.54,200,0.79,4,Specialized,Student-Edited,Print
136,New York University Journal of Legislation and Public Policy,11.53,0.67,162,1.24,3,Specialized,Student-Edited,Print
137,Tennessee Law Review,11.30,0.63,166,1.33,8,General,Student-Edited,Print
138,"Fordham Intellectual Property, Media & Entertainment Law Journal",11.23,0.59,174,0.77,2,Specialized,Student-Edited,Print
139,Pepperdine Law Review,11.15,0.51,197,0.73,5,General,Student-Edited,Print
140,Georgetown Journal of Gender and the Law,11.13,0.59,173,1.21,6,Specialized,Student-Edited,Print
141,Syracuse Law Review,11.08,0.40,226,0.71,7,General,Student-Edited,Print
142,Loyola University Chicago Law Journal,11.07,0.53,189,0.83,7,General,Student-Edited,Print
143,Columbia Science and Technology Law Review [online],11.02,0.83,98,1.39,0,Specialized,Student-Edited,Online
144,Nebraska Law Review,11.01,0.51,191,0.86,8,General,Student-Edited,Print
145,Stanford Law & Policy Review,10.88,0.83,96,1.40,6,Specialized,Student-Edited,Print
146,New York University Journal of Law & Business,10.85,0.53,182,0.91,1,Specialized,Student-Edited,Print
147,Law & Social Inquiry,10.77,0.28,251,0.56,0,Specialized,Peer-Edited,Print
148,Yale Journal of Law and Feminism,10.75,0.82,94,1.37,1,Specialized,Student-Edited,Print
149,Hofstra Law Review,10.71,0.49,189,0.67,7,General,Student-Edited,Print
150,Clinical Law Review,10.70,0.71,124,1.13,0,Specialized,Refereed,Print
151,Saint Louis University Law Journal,10.68,0.41,210,0.84,3,General,Student-Edited,Print
152,Michigan Journal of International Law,10.63,0.68,132,1.25,1,Specialized,Student-Edited,Print
153,Missouri Law Review,10.45,0.41,204,0.58,10,General,Student-Edited,Print
154,Georgetown Immigration Law Journal,10.43,0.48,183,0.67,1,Specialized,Student-Edited,Print
155,Antitrust Law Journal,10.29,0.61,141,1.35,1,Specialized,Refereed,Print
156,St. John's Law Review,10.17,0.67,120,0.85,1,General,Student-Edited,Print
157,University of Cincinnati Law Review,10.16,0.35,212,0.52,9,General,Student-Edited,Print
158,Boston University Journal of Science & Technology Law,10.14,0.77,90,1.46,1,Specialized,Student-Edited,Print
159,Berkeley Business Law Journal,10.12,0.69,111,1.41,1,Specialized,Student-Edited,Print
160,Cleveland State Law Review,10.10,0.44,184,0.64,6,General,Student-Edited,Print
161,Louisiana Law Review,10.07,0.36,207,0.52,26,General,Student-Edited,Print
162,Journal of Technology Law & Policy,10.02,0.86,60,2.07,1,Specialized,Student-Edited,Print
163,Annual Review of Law and Social Science,9.98,0.48,169,0.80,0,Specialized,Peer-Edited,Print
164,Tax Law Review,9.92,0.79,76,1.48,0,Specialized,Peer-Edited,Print
165,West Virginia Law Review,9.72,0.50,156,0.78,4,General,Student-Edited,Print
166,University of Pennsylvania Journal of Law and Social Change,9.68,0.67,105,0.94,0,Specialized,Student-Edited,Print
167,Washington and Lee Law Review Online [online],9.57,0.60,120,1.30,9,General,Student-Edited,Online
168,Yale Journal on Regulation Bulletin [online],9.53,0.76,72,1.16,13,Specialized,Student-Edited,Online
169,Connecticut Insurance Law Journal,9.50,0.81,58,2.00,5,Specialized,Refereed,Print
170,Columbia Journal of Tax Law,9.49,0.82,55,1.57,0,Specialized,Student-Edited,Print
171,Journal of Legal Studies,9.48,0.53,140,0.86,1,Specialized,Student-Edited,Print
172,San Diego Law Review,9.46,0.46,159,0.78,3,General,Student-Edited,Print
173,Florida State University Law Review,9.41,0.53,136,0.94,4,General,Student-Edited,Print
174,Georgia State University Law Review,9.39,0.31,201,0.68,3,General,Student-Edited,Print
175,Texas Tech Law Review,9.27,0.39,173,0.64,30,General,Student-Edited,Print
176,Santa Clara High Technology Law Journal,9.19,0.58,116,1.30,0,Specialized,Student-Edited,Print
177,Howard Law Journal,9.17,0.57,116,1.15,2,General,Student-Edited,Print
178,Seattle University Law Review,9.16,0.33,187,0.82,2,General,Student-Edited,Print
179,Journal of Empirical Legal Studies,9.04,0.39,166,0.55,1,Specialized,Refereed,Print
180,Michigan Law Review Online [online],9.04,0.69,77,1.25,2,General,Student-Edited,Online
181,Ecology Law Quarterly,9.01,0.44,151,0.70,1,Specialized,Student-Edited,Print
182,Vanderbilt Journal of Transnational Law,9.01,0.37,171,0.62,1,Specialized,Student-Edited,Print
183,Loyola of Los Angeles Law Review,8.98,0.39,163,0.51,9,General,Student-Edited,Print
184,Chicago Journal of International Law,8.90,0.52,124,0.91,3,Specialized,Student-Edited,Print
185,Georgetown Journal on Poverty Law & Policy,8.85,0.49,131,0.66,4,Specialized,Student-Edited,Print
186,University of Illinois Law Review Online [online],8.84,0.37,165,0.78,2,General,Student-Edited,Online
187,"Brooklyn Journal of Corporate, Financial & Commercial Law",8.83,0.51,123,1.20,4,Specialized,Student-Edited,Print
188,William & Mary Business Law Review,8.81,0.52,122,0.84,3,Specialized,Student-Edited,Print
189,New Mexico Law Review,8.76,0.50,125,0.67,15,General,Student-Edited,Print
190,University of St. Thomas Law Journal,8.76,0.42,147,0.74,1,General,Student-Edited,Print
191,Texas Law Review Online Edition [online],8.73,0.57,104,1.18,11,General,Student-Edited,Online
192,Columbia Journal of Transnational Law,8.71,0.51,120,0.83,1,Specialized,Student-Edited,Print
193,UMKC Law Review,8.68,0.25,196,0.44,9,General,Student-Edited,Print
194,University of Kansas Law Review,8.68,0.38,159,0.69,5,General,Student-Edited,Print
195,Ohio State Technology Law Journal,8.53,0.52,112,1.14,3,Specialized,Refereed,Print
196,UC Law Constitutional Quarterly,8.52,0.48,123,1.24,9,Specialized,Student-Edited,Print
197,Cornell International Law Journal,8.49,0.60,89,1.28,0,Specialized,Student-Edited,Print
198,Duke Law & Technology Review [online],8.38,0.65,69,1.19,1,Specialized,Student-Edited,Online
199,Oregon Law Review,8.35,0.41,139,0.87,1,General,Student-Edited,Print
200,Rutgers University Law Review,8.34,0.20,200,0.31,5,General,Student-Edited,Print
201,University of Pittsburgh Law Review,8.31,0.50,111,0.69,2,General,Student-Edited,Print
202,Pace Law Review,8.29,0.54,99,0.77,1,General,Student-Edited,Print
203,Northwestern Journal of Law and Social Policy [online],8.17,0.52,101,1.19,6,Specialized,Student-Edited,Online
204,Vermont Law Review,8.13,0.44,122,0.74,1,General,Student-Edited,Print
205,Northwestern Journal of Technology and Intellectual Property [online],8.12,0.52,101,0.76,2,Specialized,Student-Edited,Online
206,Virginia Tax Review,7.99,0.52,96,1.47,1,Specialized,Student-Edited,Print
207,Journal of International Economic Law,7.96,0.22,181,0.41,0,Specialized,Refereed,Print
208,Washington International Law Journal,7.90,0.48,105,1.36,3,Specialized,Refereed,Print
209,"William & Mary Journal of Race, Gender, and Social Justice",7.80,0.34,141,0.54,4,Specialized,Student-Edited,Print
210,Tax Notes Federal,7.75,0.01,237,0.01,1,Specialized,Peer-Edited,Print
211,Widener Law Review,7.74,0.55,79,1.14,0,General,Student-Edited,Print
212,Kentucky Law Journal,7.73,0.37,130,0.63,10,General,Student-Edited,Print
213,Fordham International Law Journal,7.68,0.35,135,0.67,0,Specialized,Student-Edited,Print
214,North Carolina Journal of Law & Technology,7.65,0.37,130,0.54,0,Specialized,Student-Edited,Print
215,Constitutional Commentary,7.62,0.44,107,0.67,3,Specialized,Peer-Edited,Print
216,Columbia Journal of Gender and Law,7.52,0.43,106,0.51,1,Specialized,Student-Edited,Print
217,Mitchell Hamline Law Review,7.49,0.30,145,0.41,2,General,Student-Edited,Print
218,Arkansas Law Review,7.43,0.34,130,0.54,1,General,Student-Edited,Print
219,FIU Law Review,7.41,0.28,148,0.37,1,General,Student-Edited,Print
220,Stetson Law Review,7.38,0.34,129,0.86,5,General,Student-Edited,Print
221,Richmond Journal of Law and Technology [online],7.34,0.41,108,0.63,6,Specialized,Student-Edited,Online
222,Chapman Law Review,7.32,0.51,78,0.67,2,General,Student-Edited,Print
223,Annals of Health Law and Life Sciences,7.31,0.53,73,1.32,5,Specialized,Student-Edited,Print
224,Chicago-Kent Law Review,7.31,0.33,130,0.53,3,General,Student-Edited,Print
225,University of Pennsylvania Journal of International Law,7.30,0.40,110,0.85,0,Specialized,Student-Edited,Print
226,UC Law SF Journal on Gender and Justice,7.27,0.56,63,0.96,5,Specialized,Student-Edited,Print
227,Cornell Journal of Law and Public Policy,7.26,0.44,95,0.75,1,Specialized,Student-Edited,Print
228,Southwestern Law Review,7.24,0.37,116,0.70,1,General,Student-Edited,Print
229,University of Baltimore Law Review,7.24,0.45,92,0.67,0,General,Student-Edited,Print
230,Family Law Quarterly,7.23,0.44,94,0.69,2,Specialized,Peer-Edited,Print
231,Florida Tax Review,7.20,0.40,106,0.67,0,Specialized,Peer-Edited,Print
232,Maine Law Review,7.13,0.45,88,0.67,0,General,Student-Edited,Print
233,Harvard National Security Journal,7.11,0.50,74,0.77,0,Specialized,Student-Edited,Print
234,Boston University Law Review Online [online],7.08,0.38,109,0.70,3,General,Student-Edited,Online
235,"Real Property, Trust and Estate Law Journal",7.03,0.53,64,1.46,1,Specialized,Refereed,Print
236,Cardozo Arts & Entertainment Law Journal,7.01,0.27,139,0.53,5,Specialized,Student-Edited,Print
237,Southern California Interdisciplinary Law Journal,7.01,0.37,109,0.75,2,Specialized,Student-Edited,Print
238,"American University Journal of Gender, Social Policy & the Law",6.97,0.46,81,0.65,3,Specialized,Student-Edited,Print
239,New York University Journal of Law & Liberty,6.96,0.33,118,0.37,5,Specialized,Student-Edited,Print
240,American Political Science Review,6.95,0.12,179,0.20,1,Specialized,Refereed,Print
241,Theoretical Inquiries in Law,6.93,0.37,106,0.72,1,Specialized,Refereed,Print
242,Case Western Reserve Law Review,6.92,0.26,137,0.52,8,General,Student-Edited,Print
243,Baylor Law Review,6.89,0.31,123,0.65,15,General,Student-Edited,Print
244,New York University Annual Survey of American Law,6.86,0.36,107,0.67,2,Specialized,Student-Edited,Print
245,University of Miami Law Review,6.85,0.32,117,0.65,8,General,Student-Edited,Print
246,Wyoming Law Review,6.85,0.40,95,0.61,90,General,Student-Edited,Print
247,Cardozo Law Review De Novo [online],6.81,0.51,61,1.04,3,General,Student-Edited,Online
248,Cardozo Journal of Conflict Resolution,6.68,0.34,108,0.43,0,Specialized,Student-Edited,Print
249,Emory Law Journal Online [online],6.65,0.58,37,0.92,1,General,Student-Edited,Online
250,Catholic University Law Review,6.54,0.36,98,0.52,2,General,Student-Edited,Print
251,Journal of Law & Economics,6.53,0.29,118,0.45,2,Specialized,Student-Edited,Print
252,European Journal of International Law,6.51,0.13,162,0.20,1,Specialized,Refereed,Print
253,Washburn Law Journal,6.47,0.29,116,0.51,1,General,Student-Edited,Print
254,Drexel Law Review,6.43,0.29,114,0.42,10,General,Student-Edited,Print
255,Ohio State Journal on Dispute Resolution,6.41,0.38,87,0.71,0,Specialized,Student-Edited,Print
256,Emory Bankruptcy Developments Journal,6.36,0.31,106,0.62,8,Specialized,Student-Edited,Print
257,American Journal of Law & Medicine,6.34,0.28,115,0.41,2,Specialized,Student-Edited,Print
258,Tax Lawyer,6.31,0.37,88,0.73,3,Specialized,Peer-Edited,Print
259,Northeastern University Law Review,6.30,0.34,95,0.69,1,General,Student-Edited,Print
260,Texas Review of Law and Politics,6.28,0.33,99,0.41,10,Specialized,Student-Edited,Print
261,Journal of Legal Education,6.23,0.23,127,0.38,1,Specialized,Student-Edited,Print
262,"Notre Dame Journal of Law, Ethics & Public Policy",6.19,0.28,110,0.48,1,Specialized,Student-Edited,Print
263,Santa Clara Law Review,6.18,0.31,100,0.47,3,General,Student-Edited,Print
264,Montana Law Review,6.14,0.35,87,0.61,0,General,Student-Edited,Print
265,Duquesne Law Review,6.09,0.31,99,0.49,0,General,Student-Edited,Print
266,Saint Louis University Journal of Health Law & Policy,6.05,0.41,69,0.46,1,Specialized,Student-Edited,Print
267,ACTEC Law Journal,6.01,0.33,91,0.48,1,Specialized,Peer-Edited,Print
268,University of Toronto Law Journal,5.99,0.30,99,0.66,0,General,Refereed,Print
269,University of the Pacific Law Review,5.98,0.23,117,0.49,2,General,Student-Edited,Print
270,Virginia Law & Business Review,5.96,0.41,65,0.63,0,Specialized,Student-Edited,Print
271,German Law Journal [online],5.81,0.11,147,0.22,2,Specialized,Peer-Edited,Online
272,Southern California Law Review Postscript [online],5.81,0.46,46,2.45,1,General,Student-Edited,Online
273,Colorado Technology Law Journal,5.79,0.34,79,0.75,1,Specialized,Student-Edited,Print
274,First Amendment Law Review,5.76,0.36,73,0.58,1,Specialized,Student-Edited,Print
275,Chicago-Kent Journal of Intellectual Property [online],5.75,0.38,67,0.78,2,Specialized,Student-Edited,Online
276,North Carolina Banking Institute,5.75,0.31,86,0.65,0,Specialized,Student-Edited,Print
277,Virginia Journal of Law & Technology [online],5.71,0.44,47,0.41,1,Specialized,Student-Edited,Online
278,International Law Studies,5.69,0.18,122,0.25,1,Specialized,Refereed,Print
279,University of Louisville Law Review,5.55,0.29,87,0.39,2,General,Student-Edited,Print
280,Georgetown Law Technology Review [online],5.51,0.23,104,0.41,1,Specialized,Student-Edited,Online
281,Fordham Journal of Corporate & Financial Law,5.46,0.31,78,0.47,0,Specialized,Student-Edited,Print
282,Berkeley Journal of Criminal Law [online],5.42,0.42,45,0.47,5,Specialized,Refereed,Online
283,"University of Illinois Journal of Law, Technology & Policy",5.33,0.35,64,0.70,1,Specialized,Student-Edited,Print
284,Journal of Tort Law [online],5.32,0.29,79,0.48,3,Specialized,Refereed,Online
285,Law & Society Review,5.28,0.15,119,0.27,1,Specialized,Peer-Edited,Print
286,Ohio State Business Law Journal,5.26,0.35,60,0.70,1,Specialized,Student-Edited,Print
287,UIC Law Review,5.26,0.26,87,0.28,2,General,Student-Edited,Print
288,Leiden Journal of International Law,5.22,0.12,125,0.19,0,Specialized,Refereed,Print
289,Journal of High Technology Law [online],5.15,0.33,62,0.50,0,Specialized,Student-Edited,Online
290,Michigan Journal of Gender & Law,5.15,0.38,47,0.68,3,Specialized,Student-Edited,Print
291,Loyola Consumer Law Review,5.14,0.30,72,0.45,1,Specialized,Student-Edited,Print
292,Boston College Intellectual Property and Technology Forum [online],5.12,0.28,76,0.54,0,Specialized,Student-Edited,Online
293,Stanford Journal of International Law,5.10,0.42,35,0.79,0,Specialized,Student-Edited,Print
294,Boston University Public Interest Law Journal,5.09,0.35,56,0.43,1,Specialized,Student-Edited,Print
295,Journal of the Copyright Society of the U.S.A.,5.08,0.36,51,0.45,0,Specialized,Refereed,Print
296,Health Matrix: Journal of Law-Medicine,5.07,0.34,58,0.63,0,Specialized,Student-Edited,Print
297,Judicature,5.06,0.14,115,0.22,9,Specialized,Student-Edited,Print
298,St. Mary's Law Journal,5.02,0.23,87,0.51,20,General,Student-Edited,Print
299,Emory International Law Review,5.00,0.26,79,0.41,6,Specialized,Student-Edited,Print
300,Texas Intellectual Property Law Journal,4.99,0.35,51,0.45,0,Specialized,Student-Edited,Print
301,Drake Law Review,4.97,0.23,87,0.44,5,General,Student-Edited,Print
302,Harvard Environmental Law Review,4.97,0.32,61,0.73,0,Specialized,Student-Edited,Print
303,New York University Journal of Intellectual Property & Entertainment Law [online],4.96,0.32,60,0.64,0,Specialized,Student-Edited,Online
304,Mississippi Law Journal,4.95,0.29,68,0.44,7,General,Student-Edited,Print
305,North Carolina Journal of International Law,4.95,0.31,62,0.57,1,Specialized,Student-Edited,Print
306,American Journal of Comparative Law,4.94,0.22,88,0.45,7,Specialized,Refereed,Print
307,Ohio State Law Journal Online [online],4.94,0.28,70,0.43,0,General,Student-Edited,Online
308,UC Law Business Journal,4.94,0.32,59,0.76,3,Specialized,Student-Edited,Print
309,"Washington Journal of Law, Technology & Arts [online]",4.90,0.42,30,0.73,0,Specialized,Student-Edited,Online
310,Albany Law Review,4.89,0.22,87,0.34,0,General,Student-Edited,Print
311,American University Business Law Review,4.89,0.32,58,0.49,0,Specialized,Student-Edited,Print
312,Iowa Law Review Online [online],4.89,0.32,57,0.39,2,General,Student-Edited,Online
313,Indiana Law Journal Supplement [online],4.84,0.40,33,1.00,0,General,Student-Edited,Online
314,Gonzaga Law Review,4.82,0.26,73,0.51,2,General,Student-Edited,Print
315,Belmont Law Review,4.80,0.23,81,0.37,55,General,Student-Edited,Print
316,Campbell Law Review,4.75,0.30,60,0.36,3,General,Student-Edited,Print
317,New York Law School Law Review,4.73,0.29,63,0.58,1,General,Student-Edited,Print
318,Journal of Law and Policy,4.71,0.32,53,0.35,3,Specialized,Student-Edited,Print
319,Law and Human Behavior,4.64,0.20,86,0.33,8,Specialized,Student-Edited,Print
320,Tulsa Law Review,4.62,0.21,82,0.30,4,General,Student-Edited,Print
321,Vanderbilt Law Review En Banc [online],4.61,0.23,74,0.43,1,General,Student-Edited,Online
322,"Minnesota Journal of Law, Science & Technology",4.55,0.27,61,0.36,3,Specialized,Student-Edited,Print
323,University of San Francisco Law Review,4.55,0.25,69,0.51,4,General,Student-Edited,Print
324,Georgetown Journal of International Law,4.54,0.26,66,0.36,2,Specialized,Student-Edited,Print
325,Connecticut Public Interest Law Journal,4.51,0.30,53,0.48,2,Specialized,Student-Edited,Print
326,Harvard Latin American Law Review,4.50,0.30,51,0.65,0,Specialized,Student-Edited,Print
327,Idaho Law Review,4.50,0.20,80,0.29,3,General,Student-Edited,Print
328,Journal of Health Care Law & Policy,4.44,0.33,40,0.48,2,Specialized,Student-Edited,Print
329,University of Memphis Law Review,4.38,0.21,75,0.33,5,General,Student-Edited,Print
330,Southern Illinois University Law Journal,4.35,0.21,72,0.41,2,General,Student-Edited,Print
331,Wake Forest Journal of Law and Policy,4.34,0.24,65,0.56,3,Specialized,Student-Edited,Print
332,Family Court Review,4.30,0.09,106,0.24,2,Specialized,Refereed,Print
333,SMU Science and Technology Law Review,4.28,0.29,49,0.41,1,Specialized,Student-Edited,Print
334,Food and Drug Law Journal,4.27,0.25,59,0.41,0,Specialized,Refereed,Print
335,South Dakota Law Review,4.25,0.19,75,0.26,2,General,Student-Edited,Print
336,Environmental Law Reporter,4.23,0.10,103,0.32,1,Specialized,Peer-Edited,Print
337,Indiana Health Law Review,4.22,0.20,71,0.31,0,Specialized,Student-Edited,Print
338,Federal Courts Law Review,4.21,0.38,18,0.88,8,Specialized,Refereed,Print
339,Columbia Journal of Law and Social Problems,4.15,0.20,70,0.31,6,Specialized,Student-Edited,Print
340,Marquette Sports Law Review,4.15,0.20,69,0.23,1,Specialized,Student-Edited,Print
341,Case Western Reserve Journal of International Law,4.10,0.20,69,0.39,1,Specialized,Student-Edited,Print
342,Minnesota Journal of Law & Inequality,4.10,0.25,55,0.58,0,Specialized,Student-Edited,Print
343,Urban Lawyer,4.08,0.29,43,0.63,1,Specialized,Student-Edited,Print
344,Yale Journal of Law & the Humanities,4.08,0.22,62,0.22,0,Specialized,Student-Edited,Print
345,Oxford Journal of Legal Studies,4.04,0.13,86,0.20,1,Specialized,Refereed,Print
346,Santa Clara Journal of International Law,4.04,0.32,33,0.68,0,Specialized,Student-Edited,Print
347,University of Detroit Mercy Law Review,4.04,0.25,52,0.32,3,General,Student-Edited,Print
348,Albany Law Journal of Science & Technology,4.02,0.28,44,0.45,1,Specialized,Student-Edited,Print
349,University of Toledo Law Review,4.02,0.16,77,0.32,5,General,Student-Edited,Print
350,Touro Law Review,3.98,0.11,91,0.18,2,General,Student-Edited,Print
351,Northern Illinois University Law Review,3.97,0.27,45,0.30,1,General,Student-Edited,Print
352,Suffolk University Law Review,3.94,0.19,65,0.21,3,General,Student-Edited,Print
353,ABA Journal of Labor & Employment Law,3.91,0.22,56,0.26,1,Specialized,Peer-Edited,Print
354,Journal of Law & Education,3.90,0.24,52,0.47,0,Specialized,Student-Edited,Print
355,UC Davis Business Law Journal [online],3.87,0.24,51,0.27,1,Specialized,Student-Edited,Online
356,Elder Law Journal,3.85,0.24,49,0.64,1,Specialized,Student-Edited,Print
357,Journal of Business & Technology Law,3.83,0.21,56,0.35,0,Specialized,Student-Edited,Print
358,Washington Law Review Online [online],3.82,0.33,21,0.33,0,General,Student-Edited,Online
359,Kansas Journal of Law & Public Policy,3.80,0.23,52,0.36,0,Specialized,Student-Edited,Print
360,Energy Law Journal,3.79,0.18,66,0.35,0,Specialized,Refereed,Print
361,American University International Law Review,3.77,0.17,66,0.34,1,Specialized,Student-Edited,Print
362,Law & Ethics of Human Rights,3.77,0.26,40,0.42,0,Specialized,Refereed,Print
363,Capital University Law Review,3.76,0.21,55,0.32,5,General,Student-Edited,Print
364,Mercer Law Review,3.73,0.09,89,0.27,3,General,Student-Edited,Print
365,"Psychology, Public Policy, and Law",3.73,0.13,76,0.23,9,Specialized,Refereed,Print
366,Regent University Law Review,3.73,0.21,54,0.47,1,General,Student-Edited,Print
367,UCLA Entertainment Law Review [online],3.69,0.28,33,0.44,0,Specialized,Student-Edited,Online
368,Harvard Human Rights Journal,3.68,0.26,37,0.67,0,Specialized,Student-Edited,Print
369,Journal of Legislation,3.62,0.22,49,0.22,11,Specialized,Student-Edited,Print
370,Review of Litigation,3.62,0.23,44,0.27,4,Specialized,Student-Edited,Print
371,Regulation & Governance,3.59,0.09,84,0.13,0,Specialized,Refereed,Print
372,"Journal of Law, Economics and Organization",3.53,0.19,55,0.22,1,Specialized,Student-Edited,Print
373,International and Comparative Law Quarterly,3.48,0.11,75,0.16,0,Specialized,Refereed,Print
374,Delaware Journal of Corporate Law,3.42,0.18,54,0.22,3,Specialized,Student-Edited,Print
375,Creighton Law Review,3.41,0.14,63,0.19,4,General,Student-Edited,Print
376,World Trade Review,3.41,0.10,76,0.16,0,Specialized,Refereed,Print
377,Law and Psychology Review,3.35,0.24,35,0.65,0,Specialized,Student-Edited,Print
378,Cardozo International & Comparative Law Review,3.34,0.18,52,0.24,2,Specialized,Student-Edited,Print
379,Law Library Journal,3.34,0.14,63,0.21,1,Specialized,Peer-Edited,Print
380,Modern Law Review,3.33,0.06,85,0.09,0,General,Refereed,Print
381,University of Hawaii Law Review,3.33,0.18,50,0.32,2,General,Student-Edited,Print
382,Columbia Journal of Environmental Law,3.31,0.27,23,0.58,0,Specialized,Student-Edited,Print
383,European Journal of Risk Regulation,3.30,0.07,82,0.26,0,Specialized,Refereed,Print
384,Wayne Law Review,3.28,0.16,54,0.23,5,General,Student-Edited,Print
385,Human Rights Law Review,3.27,0.11,70,0.16,0,Specialized,Refereed,Print
386,Minnesota Journal of International Law,3.25,0.21,39,0.47,0,Specialized,Student-Edited,Print
387,University of Florida Journal of Law and Public Policy,3.23,0.14,59,0.19,7,Specialized,Student-Edited,Print
388,ABA Journal,NR,NR,NR,NR,NR,Specialized,Peer-Edited,Print
389,Aberdeen Student Law Review,NR,NR,NR,NR,NR,General,Student-Edited,Print
390,"Accounting, Economics, and Law: A Convivium [online]",NR,NR,NR,NR,NR,Specialized,Peer-Edited,Online
391,ACS Supreme Court Review [online],NR,NR,NR,NR,NR,Specialized,Peer-Edited,Online
392,Acta Juridica,NR,NR,NR,NR,NR,Specialized,Peer-Edited,Print
393,Acta Juridica Hungarica,NR,NR,NR,NR,NR,Specialized,Refereed,Print
394,Adelaide Law Review,NR,NR,NR,NR,NR,General,Refereed,Print
395,Advance: The Journal of the ACS Issue Groups,NR,NR,NR,NR,NR,Specialized,Peer-Edited,Print
396,Advocates' Quarterly,NR,NR,NR,NR,NR,Specialized,Peer-Edited,Print
397,African Human Rights Law Journal,NR,NR,NR,NR,NR,Specialized,Refereed,Print
398,African Journal of International and Comparative Law,NR,NR,NR,NR,NR,Specialized,Refereed,Print
399,African Journal of Legal Studies,NR,NR,NR,NR,NR,Specialized,Refereed,Print
400,African Yearbook of International Law,NR,NR,NR,NR,NR,Specialized,Peer-Edited,Print
